id,type,text
rookie,spawn,血を吸わせてもらうぞ！
rookie,spawn,見つけたぞ！
rookie,evade,おっと危ない！
rookie,evade,先輩、見てますか！？
rookie,destroy,ぎゃー！
rookie,destroy,教育係ぃぃ！！
rookie,sucking,いただきます！
rookie,complete,勝った……！
aggressive,spawn,逃げられると思ったか！
aggressive,spawn,私は速いぞ！
aggressive,evade,遅い遅い！
aggressive,destroy,そんな馬鹿な！
aggressive,sucking,その血、もらった！
aggressive,complete,完全勝利だ！
mobile,spawn,ターゲット確認……
mobile,spawn,任務了解！
mobile,spawn,出撃します！
mobile,spawn,敵機確認……
mobile,spawn,作戦開始……
mobile,spawn,照準セット……
mobile,evade,甘いな……
mobile,evade,当たりはしない！
mobile,evade,見切った！
mobile,evade,そこですか……
mobile,evade,動きが読めます……
mobile,evade,反応が遅いようですね……
mobile,evade,回避行動開始……
mobile,evade,まだ終わりません……
mobile,evade,こちらの方が速い……
mobile,destroy,直撃だと！？
mobile,destroy,これが若さか……
mobile,destroy,左舷、被弾！
mobile,destroy,クッ！？調整不足か……
mobile,destroy,機体が……！
mobile,destroy,こんなはずでは……
mobile,destroy,システム停止……
mobile,destroy,性能差がありすぎる……
mobile,sucking,そこまでだ！
mobile,sucking,これが★４の血液とやらか！
mobile,sucking,血液捕捉……
mobile,sucking,補給を開始します……
mobile,sucking,これで勝負ありです……
mobile,sucking,ターゲット確保……
mobile,complete,任務完了……
mobile,complete,帰投する！
mobile,complete,作戦終了……
mobile,complete,帰還します……
mobile,complete,ミッション達成……
zawa,spawn,勝てる……！
zawa,spawn,ざわ……
zawa,spawn,これは好機……
zawa,spawn,流れは来ている……
zawa,spawn,逃げ道はない……
zawa,evade,僥倖っ……！
zawa,evade,読み切った……！
zawa,evade,その一手は甘い……
zawa,evade,見えていた……
zawa,evade,計算通り……
zawa,destroy,グッ……！
zawa,destroy,まさか……
zawa,destroy,そんな馬鹿な……
zawa,destroy,勝負に負けた……
zawa,destroy,ここで外すのか……
zawa,destroy,痛恨の一撃……
zawa,sucking,勝たなければゴミ！
zawa,sucking,この血液……いただくっ……！
zawa,sucking,圧倒的吸血……！
zawa,sucking,勝負あり……！
zawa,sucking,血の流れが見える……
zawa,complete,悪魔的だ……！
zawa,complete,圧倒的血液……！
zawa,complete,完全勝利……！
zawa,complete,勝った……！
zawa,complete,勝利の余韻……
zawa,complete,ざわ……ざわ……
jojo,spawn,フフフ……
jojo,spawn,始まるぞ……
jojo,spawn,覚悟するがいい……
jojo,spawn,この時を待っていた……
jojo,spawn,運命の出会いだ……
jojo,evade,ニヤリ……
jojo,evade,そこにシビれる！
jojo,evade,無駄な動きだ……
jojo,evade,見えるぞ……
jojo,evade,甘い甘い……
jojo,evade,華麗に回避ッ！
jojo,destroy,バカな……
jojo,destroy,な、なんだと……
jojo,destroy,この私が……
jojo,destroy,ありえないッ！
jojo,destroy,そんな馬鹿なッ！
jojo,destroy,ぐわあああッ！
jojo,sucking,無駄無駄無駄ァ！
jojo,sucking,勝った！！
jojo,sucking,ズギュウウウン！
jojo,sucking,ＷＲＹＹＹＹ！！
jojo,sucking,いただくぞッ！
jojo,sucking,血の滴る味ッ！
jojo,sucking,最高の養分だッ！
jojo,sucking,この血……なじむぞッ！
jojo,complete,実に馴染むぞ！
jojo,complete,最高にハイってやつだ！
jojo,complete,完全勝利ッ！
jojo,complete,この力……素晴らしい！
jojo,complete,新たな境地だ……
jojo,complete,これが進化だッ！
korea,spawn,기다리고 있었어요……
korea,spawn,드디어 찾았어요……
korea,spawn,여기서 시작이에요……
korea,spawn,각오하세요……
korea,spawn,제 시간이에요……
korea,spawn,타겟 확인……
korea,spawn,계획대로예요……
korea,evade,아직 끝나지 않았어요……
korea,evade,어설프네요……
korea,evade,그 정도인가요?
korea,evade,저를 잡을 수 있을 것 같았나요?
korea,evade,아직 제 차례예요……
korea,evade,읽고 있었어요……
korea,evade,너무 느려요……
korea,destroy,말도 안 돼……
korea,destroy,믿을 수 없어요……
korea,destroy,아직 끝낼 수 없어요……
korea,destroy,제가 지다니……
korea,destroy,계획이 틀어졌어요……
korea,destroy,여기서 끝인가요……
korea,destroy,거짓말이라고 해줘요……
korea,sucking,이걸로 끝이에요……
korea,sucking,이 피는 제 것이에요……
korea,sucking,각오하세요……
korea,sucking,더 이상 도망칠 수 없어요……
korea,sucking,마지막 한 방울까지……
korea,sucking,승부는 끝났어요……
korea,sucking,제 승리예요……
korea,complete,임무 완료……
korea,complete,완전한 승리예요……
korea,complete,이것이 제 힘이에요……
korea,complete,모든 것은 계획대로예요……
korea,complete,제가 이겼어요……
korea,complete,복수는 끝났어요……
korea,complete,최고의 결과예요……
titan,spawn,駆逐してやる！！
titan,spawn,奇行種か！？
titan,spawn,目標確認！
titan,spawn,壁の向こう側へ……
titan,spawn,戦闘開始だ！
titan,spawn,作戦を開始する！
titan,evade,立体機動！！
titan,evade,読まれた！？
titan,evade,まだ終わらない！
titan,evade,回避行動開始！
titan,evade,捕まえられると思うな！
titan,destroy,これが地ならし……
titan,destroy,成果なし、か……
titan,destroy,そんな……嘘だ……
titan,destroy,作戦失敗……
titan,destroy,ここで終わるのか……
titan,destroy,力が……足りない……
titan,sucking,血を捧げよ！
titan,sucking,狙いは定まった！
titan,sucking,全てを奪う！
titan,sucking,捕食開始！
titan,sucking,獲物を確認！
titan,sucking,逃がさない！
titan,complete,作戦成功！！
titan,complete,任務完了！
titan,complete,勝利を掴んだ！
titan,complete,生き残った……
titan,complete,これが結果だ！